{
  "name": "select2",
  "version": "3.4.5",
  "main": [
    "select2.js",
    "select2.css",
    "select2.png",
    "select2x2.png",
    "select2-spinner.gif"
  ],
  "dependencies": {
    "jquery": ">= 1.7.1"
  },
  "homepage": "https://github.com/ivaynberg/select2",
  "_release": "3.4.5",
  "_resolution": {
    "type": "version",
    "tag": "3.4.5",
    "commit": "152fa071ebb95a89fa62966f219e8f901ea73112"
  },
  "_source": "git://github.com/ivaynberg/select2.git",
  "_target": "~3.4.5",
  "_originalSource": "select2",
  "_direct": true
}