# It's important if you remove the headerline that the order of the columns remains the same and all colums should be added
# The header fields may not be renamed
#
# Url and Admin Name are the only required columns
#
# Possible values for Verify Certificate: T or F (T for true, F for false)
# Possible values for SSL Version: auto, 1.x, 1, 2, 1.1, 1.2, 1.3. The default value is "auto"
Site Name, Url, Admin Name, Group,Security ID,HTTP Username,HTTP Password,Verify Certificate,SSL Version
Site 1,http://site1.com,Admin,Group Name,Security ID,Username,Password,T,auto
Site 2,http://site2.com,Admin,Group Name,Security ID,Username,Password,F,auto
Site 3,http://site3.com,Admin,Group Name,Security ID,,,T,1.x
Site 4,http://site4.com,Admin,Group Name,Security ID,Username,Password,T,auto
Site 5,http://site5.com,Admin,Group Name,Security ID,Username,Password,F,1.3